<?xml version="1.0" encoding="UTF-8"?>
<ivy-module version="2.0" xmlns:m="http://ant.apache.org/ivy/maven">
	<info organisation="org.eclipse.ee4j"
		module="project"
		revision="1.0.7"
		status="release"
		publication="20210223130023"
	>
		<license name="Eclipse Public License v. 2.0" url="https://www.eclipse.org/org/documents/epl-2.0/EPL-2.0.txt" />
		<license name="GNU General Public License, version 2 with the GNU Classpath Exception" url="https://www.gnu.org/software/classpath/license.html" />
		<description homepage="https://projects.eclipse.org/projects/ee4j">
		Eclipse Enterprise for Java (EE4J) is an open source initiative to create standard APIs,
        implementations of those APIs, and technology compatibility kits for Java runtimes
        that enable development, deployment, and management of server-side and cloud-native applications.
		</description>
		<m:properties__project.build.sourceEncoding>UTF-8</m:properties__project.build.sourceEncoding>
		<m:properties__release.arguments/>
		<m:properties__sonatypeOssDistMgmtStagingUrl>${sonatypeOssDistMgmtNexusUrl}content/repositories/staging/</m:properties__sonatypeOssDistMgmtStagingUrl>
		<m:properties__sonatypeOssDistMgmtNexusUrl>https://jakarta.oss.sonatype.org/</m:properties__sonatypeOssDistMgmtNexusUrl>
		<m:properties__sonatypeOssDistMgmtReleasesUrl>${sonatypeOssDistMgmtNexusUrl}service/local/staging/deploy/maven2/</m:properties__sonatypeOssDistMgmtReleasesUrl>
		<m:properties__sonatypeOssDistMgmtSnapshotsUrl>${sonatypeOssDistMgmtNexusUrl}content/repositories/snapshots/</m:properties__sonatypeOssDistMgmtSnapshotsUrl>
	</info>
	<configurations>
		<conf name="default" visibility="public" description="runtime dependencies and master artifact can be used with this conf" extends="runtime,master"/>
		<conf name="master" visibility="public" description="contains only the artifact published by this module itself, with no transitive dependencies"/>
		<conf name="compile" visibility="public" description="this is the default scope, used if none is specified. Compile dependencies are available in all classpaths."/>
		<conf name="provided" visibility="public" description="this is much like compile, but indicates you expect the JDK or a container to provide it. It is only available on the compilation classpath, and is not transitive."/>
		<conf name="runtime" visibility="public" description="this scope indicates that the dependency is not required for compilation, but is for execution. It is in the runtime and test classpaths, but not the compile classpath." extends="compile"/>
		<conf name="test" visibility="public" description="this scope indicates that the dependency is not required for normal use of the application, and is only available for the test compilation and execution phases." extends="runtime"/>
		<conf name="system" visibility="public" description="this scope is similar to provided except that you have to provide the JAR which contains it explicitly. The artifact is always available and is not looked up in a repository."/>
		<conf name="sources" visibility="public" description="this configuration contains the source artifact of this module, if any."/>
		<conf name="javadoc" visibility="public" description="this configuration contains the javadoc artifact of this module, if any."/>
		<conf name="optional" visibility="public" description="contains all optional dependencies"/>
	</configurations>
	<publications>
	</publications>
</ivy-module>
