<?xml version="1.0" encoding="UTF-8"?>
<ivy-module version="2.0" xmlns:m="http://ant.apache.org/ivy/maven">
	<info organisation="com.sun.xml.bind"
		module="jaxb-bom-ext"
		revision="3.0.2"
		status="release"
		publication="20210720093552"
	>
		<license name="Eclipse Public License v. 2.0" url="https://www.eclipse.org/org/documents/epl-2.0/EPL-2.0.txt" />
		<license name="GNU General Public License, version 2 with the GNU Classpath Exception" url="https://www.gnu.org/software/classpath/license.html" />
		<description homepage="https://eclipse-ee4j.github.io/jaxb-ri/">
		JAXB Bill of Materials (BOM) with all dependencies.
        If you are not sure - DON&apos;T USE THIS BOM. Use com.sun.xml.bind:jaxb-bom instead.
		</description>
		<m:properties__relaxng.version>${project.version}</m:properties__relaxng.version>
		<m:properties__ant.version>1.10.11</m:properties__ant.version>
		<m:properties__xsom.version>${project.version}</m:properties__xsom.version>
		<m:properties__codemodel.version>${project.version}</m:properties__codemodel.version>
		<m:properties__dtd-parser.version>1.4.5</m:properties__dtd-parser.version>
		<m:properties__xml.bind-api.version>3.0.1</m:properties__xml.bind-api.version>
		<m:properties__stax-ex.version>2.0.1</m:properties__stax-ex.version>
		<m:properties__jaxb-api-osgi.version>3.0</m:properties__jaxb-api-osgi.version>
		<m:properties__activation.version>2.0.1</m:properties__activation.version>
		<m:properties__fastinfoset.version>2.0.0</m:properties__fastinfoset.version>
		<m:properties__istack.version>4.0.1</m:properties__istack.version>
		<m:properties__release.arguments/>
		<m:properties__sonatypeOssDistMgmtSnapshotsUrl>${sonatypeOssDistMgmtNexusUrl}content/repositories/snapshots/</m:properties__sonatypeOssDistMgmtSnapshotsUrl>
		<m:properties__project.build.sourceEncoding>UTF-8</m:properties__project.build.sourceEncoding>
		<m:properties__sonatypeOssDistMgmtStagingUrl>${sonatypeOssDistMgmtNexusUrl}content/repositories/staging/</m:properties__sonatypeOssDistMgmtStagingUrl>
		<m:properties__sonatypeOssDistMgmtNexusUrl>https://jakarta.oss.sonatype.org/</m:properties__sonatypeOssDistMgmtNexusUrl>
		<m:properties__sonatypeOssDistMgmtReleasesUrl>${sonatypeOssDistMgmtNexusUrl}service/local/staging/deploy/maven2/</m:properties__sonatypeOssDistMgmtReleasesUrl>
		<m:dependency.management__org.glassfish.jaxb__jaxb-runtime__version>3.0.2</m:dependency.management__org.glassfish.jaxb__jaxb-runtime__version>
		<m:dependency.management__org.glassfish.jaxb__jaxb-core__version>3.0.2</m:dependency.management__org.glassfish.jaxb__jaxb-core__version>
		<m:dependency.management__org.glassfish.jaxb__jaxb-xjc__version>3.0.2</m:dependency.management__org.glassfish.jaxb__jaxb-xjc__version>
		<m:dependency.management__org.glassfish.jaxb__jaxb-jxc__version>3.0.2</m:dependency.management__org.glassfish.jaxb__jaxb-jxc__version>
		<m:dependency.management__org.glassfish.jaxb__codemodel__version>3.0.2</m:dependency.management__org.glassfish.jaxb__codemodel__version>
		<m:dependency.management__org.glassfish.jaxb__txw2__version>3.0.2</m:dependency.management__org.glassfish.jaxb__txw2__version>
		<m:dependency.management__org.glassfish.jaxb__xsom__version>3.0.2</m:dependency.management__org.glassfish.jaxb__xsom__version>
		<m:dependency.management__com.sun.xml.bind__jaxb-impl__version>3.0.2</m:dependency.management__com.sun.xml.bind__jaxb-impl__version>
		<m:dependency.management__com.sun.xml.bind__jaxb-core__version>3.0.2</m:dependency.management__com.sun.xml.bind__jaxb-core__version>
		<m:dependency.management__com.sun.xml.bind__jaxb-xjc__version>3.0.2</m:dependency.management__com.sun.xml.bind__jaxb-xjc__version>
		<m:dependency.management__com.sun.xml.bind__jaxb-jxc__version>3.0.2</m:dependency.management__com.sun.xml.bind__jaxb-jxc__version>
		<m:dependency.management__jakarta.xml.bind__jakarta.xml.bind-api__version>3.0.1</m:dependency.management__jakarta.xml.bind__jakarta.xml.bind-api__version>
		<m:dependency.management__org.jvnet.staxex__stax-ex__version>2.0.1</m:dependency.management__org.jvnet.staxex__stax-ex__version>
		<m:dependency.management__com.sun.xml.fastinfoset__FastInfoset__version>2.0.0</m:dependency.management__com.sun.xml.fastinfoset__FastInfoset__version>
		<m:dependency.management__com.sun.xml.bind__jaxb-osgi__version>3.0.2</m:dependency.management__com.sun.xml.bind__jaxb-osgi__version>
		<m:dependency.management__com.sun.istack__istack-commons-runtime__version>4.0.1</m:dependency.management__com.sun.istack__istack-commons-runtime__version>
		<m:dependency.management__jakarta.activation__jakarta.activation-api__version>2.0.1</m:dependency.management__jakarta.activation__jakarta.activation-api__version>
		<m:dependency.management__com.sun.activation__jakarta.activation__version>2.0.1</m:dependency.management__com.sun.activation__jakarta.activation__version>
		<m:dependency.management__com.sun.xml.bind.external__rngom__version>3.0.2</m:dependency.management__com.sun.xml.bind.external__rngom__version>
		<m:dependency.management__com.sun.xml.dtd-parser__dtd-parser__version>1.4.5</m:dependency.management__com.sun.xml.dtd-parser__dtd-parser__version>
		<m:dependency.management__com.sun.istack__istack-commons-tools__version>4.0.1</m:dependency.management__com.sun.istack__istack-commons-tools__version>
		<m:dependency.management__org.apache.ant__ant__version>1.10.11</m:dependency.management__org.apache.ant__ant__version>
		<m:dependency.management__com.sun.xml.bind.external__relaxng-datatype__version>3.0.2</m:dependency.management__com.sun.xml.bind.external__relaxng-datatype__version>
	</info>
	<configurations>
		<conf name="default" visibility="public" description="runtime dependencies and master artifact can be used with this conf" extends="runtime,master"/>
		<conf name="master" visibility="public" description="contains only the artifact published by this module itself, with no transitive dependencies"/>
		<conf name="compile" visibility="public" description="this is the default scope, used if none is specified. Compile dependencies are available in all classpaths."/>
		<conf name="provided" visibility="public" description="this is much like compile, but indicates you expect the JDK or a container to provide it. It is only available on the compilation classpath, and is not transitive."/>
		<conf name="runtime" visibility="public" description="this scope indicates that the dependency is not required for compilation, but is for execution. It is in the runtime and test classpaths, but not the compile classpath." extends="compile"/>
		<conf name="test" visibility="public" description="this scope indicates that the dependency is not required for normal use of the application, and is only available for the test compilation and execution phases." extends="runtime"/>
		<conf name="system" visibility="public" description="this scope is similar to provided except that you have to provide the JAR which contains it explicitly. The artifact is always available and is not looked up in a repository."/>
		<conf name="sources" visibility="public" description="this configuration contains the source artifact of this module, if any."/>
		<conf name="javadoc" visibility="public" description="this configuration contains the javadoc artifact of this module, if any."/>
		<conf name="optional" visibility="public" description="contains all optional dependencies"/>
	</configurations>
	<publications>
	</publications>
</ivy-module>
