<?xml version="1.0" encoding="UTF-8"?>
<ivy-module version="2.0" xmlns:m="http://ant.apache.org/ivy/maven">
	<info organisation="org.apache.ws.xmlschema"
		module="xmlschema-core"
		revision="2.3.0"
		status="release"
		publication="20210914144139"
	>
		<license name="Apache License, Version 2.0" url="https://www.apache.org/licenses/LICENSE-2.0.txt" />
		<description homepage="">
		Commons XMLSchema is a light weight schema object model that can be used to manipulate or
        generate XML schema.
		</description>
		<m:properties__xmlschema-eclipse-version>2.0</m:properties__xmlschema-eclipse-version>
		<m:properties__distMgmtSnapshotsUrl>https://repository.apache.org/content/repositories/snapshots</m:properties__distMgmtSnapshotsUrl>
		<m:properties__maven.compiler.source>1.7</m:properties__maven.compiler.source>
		<m:properties__project.reporting.outputEncoding>UTF-8</m:properties__project.reporting.outputEncoding>
		<m:properties__surefire.version>2.22.0</m:properties__surefire.version>
		<m:properties__sourceReleaseAssemblyDescriptor>source-release</m:properties__sourceReleaseAssemblyDescriptor>
		<m:properties__organization.logo>https://www.apache.org/images/asf_logo_wide_2016.png</m:properties__organization.logo>
		<m:properties__maven.compiler.target>1.7</m:properties__maven.compiler.target>
		<m:properties__project.build.sourceEncoding>UTF-8</m:properties__project.build.sourceEncoding>
		<m:properties__project.build.outputTimestamp>2020-01-22T15:10:15Z</m:properties__project.build.outputTimestamp>
		<m:properties__gpg.useagent>true</m:properties__gpg.useagent>
		<m:properties__distMgmtSnapshotsName>Apache Development Snapshot Repository</m:properties__distMgmtSnapshotsName>
		<m:properties__arguments/>
		<m:properties__assembly.tarLongFileMode>posix</m:properties__assembly.tarLongFileMode>
		<m:maven.plugins>org.apache.maven.plugins__maven-remote-resources-plugin__null|org.apache.maven.plugins__maven-enforcer-plugin__null|org.apache.maven.plugins__maven-site-plugin__null|org.apache.maven.plugins__maven-remote-resources-plugin__null|org.apache.maven.plugins__maven-enforcer-plugin__null|org.apache.maven.plugins__maven-site-plugin__null|org.apache.maven.plugins__maven-enforcer-plugin__3.0.0-M3|org.apache.maven.plugins__maven-checkstyle-plugin__null|org.apache.maven.plugins__maven-compiler-plugin__null|org.apache.maven.plugins__maven-pmd-plugin__null|org.apache.maven.plugins__maven-remote-resources-plugin__null|org.apache.maven.plugins__maven-enforcer-plugin__null|org.apache.maven.plugins__maven-site-plugin__null|org.apache.maven.plugins__maven-remote-resources-plugin__null|org.apache.maven.plugins__maven-enforcer-plugin__null|org.apache.maven.plugins__maven-site-plugin__null|org.apache.maven.plugins__maven-enforcer-plugin__3.0.0-M3|org.apache.maven.plugins__maven-checkstyle-plugin__null|org.apache.maven.plugins__maven-compiler-plugin__null|org.apache.maven.plugins__maven-pmd-plugin__null|null__maven-remote-resources-plugin__null|null__maven-assembly-plugin__null|org.apache.felix__maven-bundle-plugin__null</m:maven.plugins>
		<m:dependency.management__junit__junit__version>4.13.2</m:dependency.management__junit__junit__version>
		<m:dependency.management__junit__junit__scope>test</m:dependency.management__junit__junit__scope>
		<m:dependency.management__xmlunit__xmlunit__version>1.6</m:dependency.management__xmlunit__xmlunit__version>
		<m:dependency.management__xmlunit__xmlunit__scope>test</m:dependency.management__xmlunit__xmlunit__scope>
		<m:dependency.management__com.google.guava__guava-testlib__version>30.1.1-jre</m:dependency.management__com.google.guava__guava-testlib__version>
		<m:dependency.management__com.google.guava__guava-testlib__scope>test</m:dependency.management__com.google.guava__guava-testlib__scope>
	</info>
	<configurations>
		<conf name="default" visibility="public" description="runtime dependencies and master artifact can be used with this conf" extends="runtime,master"/>
		<conf name="master" visibility="public" description="contains only the artifact published by this module itself, with no transitive dependencies"/>
		<conf name="compile" visibility="public" description="this is the default scope, used if none is specified. Compile dependencies are available in all classpaths."/>
		<conf name="provided" visibility="public" description="this is much like compile, but indicates you expect the JDK or a container to provide it. It is only available on the compilation classpath, and is not transitive."/>
		<conf name="runtime" visibility="public" description="this scope indicates that the dependency is not required for compilation, but is for execution. It is in the runtime and test classpaths, but not the compile classpath." extends="compile"/>
		<conf name="test" visibility="public" description="this scope indicates that the dependency is not required for normal use of the application, and is only available for the test compilation and execution phases." extends="runtime"/>
		<conf name="system" visibility="public" description="this scope is similar to provided except that you have to provide the JAR which contains it explicitly. The artifact is always available and is not looked up in a repository."/>
		<conf name="sources" visibility="public" description="this configuration contains the source artifact of this module, if any."/>
		<conf name="javadoc" visibility="public" description="this configuration contains the javadoc artifact of this module, if any."/>
		<conf name="optional" visibility="public" description="contains all optional dependencies"/>
	</configurations>
	<publications>
		<artifact name="xmlschema-core" type="bundle" ext="jar" conf="master"/>
	</publications>
	<dependencies>
		<dependency org="junit" name="junit" rev="4.13.2" force="true" conf="test->runtime(*),master(*)"/>
		<dependency org="xmlunit" name="xmlunit" rev="1.6" force="true" conf="test->runtime(*),master(*)"/>
		<dependency org="com.google.guava" name="guava-testlib" rev="30.1.1-jre" force="true" conf="test->runtime(*),master(*)"/>
		<override org="junit" module="junit" matcher="exact" rev="4.13.2"/>
		<override org="xmlunit" module="xmlunit" matcher="exact" rev="1.6"/>
		<override org="com.google.guava" module="guava-testlib" matcher="exact" rev="30.1.1-jre"/>
	</dependencies>
</ivy-module>
