<?xml version="1.0" encoding="UTF-8"?>
<ivy-module version="2.0" xmlns:m="http://ant.apache.org/ivy/maven">
	<info organisation="com.sun.xml.bind.mvn"
		module="jaxb-txw-parent"
		revision="3.0.2"
		status="release"
		publication="20210720093539"
	>
		<license name="Eclipse Distribution License - v 1.0" url="http://www.eclipse.org/org/documents/edl-v10.php" />
		<description homepage="https://eclipse-ee4j.github.io/jaxb-ri/">
		JAXB TXW parent module. Contains sources for TXW component.
		</description>
		<m:properties__spotbugs.version>4.3.0</m:properties__spotbugs.version>
		<m:properties__resolver.version>20050927</m:properties__resolver.version>
		<m:properties__felix.junit4osgi>1.0.0</m:properties__felix.junit4osgi>
		<m:properties__base.java.level>8</m:properties__base.java.level>
		<m:properties__vendor.id>org.eclipse</m:properties__vendor.id>
		<m:properties__spotbugs.threshold>High</m:properties__spotbugs.threshold>
		<m:properties__jmockit.version>1.34</m:properties__jmockit.version>
		<m:properties__copyright.template>tools/config/copyright.txt</m:properties__copyright.template>
		<m:properties__vendor.name>Eclipse Foundation</m:properties__vendor.name>
		<m:properties__compiler.version>2.4.0</m:properties__compiler.version>
		<m:properties__oss.disallow.snapshots>true</m:properties__oss.disallow.snapshots>
		<m:properties__mrjar.sourceDirectory>${project.basedir}/src/main/java-mr</m:properties__mrjar.sourceDirectory>
		<m:properties__upper.java.level>9</m:properties__upper.java.level>
		<m:properties__spotbugs.skip>false</m:properties__spotbugs.skip>
		<m:properties__skipOsgiTests>true</m:properties__skipOsgiTests>
		<m:properties__module.path>${project.build.directory}/mods</m:properties__module.path>
		<m:properties__copyright.ignoreyear>false</m:properties__copyright.ignoreyear>
		<m:properties__copyright.exclude>tools/config/copyright-exclude</m:properties__copyright.exclude>
		<m:properties__copyright.scmonly>true</m:properties__copyright.scmonly>
		<m:properties__junit.version>4.13.2</m:properties__junit.version>
		<m:properties__felix.osgi.core>6.0.0</m:properties__felix.osgi.core>
		<m:properties__copyright.update>false</m:properties__copyright.update>
		<m:properties__spotbugs.exclude/>
		<m:properties__root.dir>${session.executionRootDirectory}/..</m:properties__root.dir>
		<m:properties__relaxng.version>${project.version}</m:properties__relaxng.version>
		<m:properties__ant.version>1.10.11</m:properties__ant.version>
		<m:properties__xsom.version>${project.version}</m:properties__xsom.version>
		<m:properties__codemodel.version>${project.version}</m:properties__codemodel.version>
		<m:properties__dtd-parser.version>1.4.5</m:properties__dtd-parser.version>
		<m:properties__fastinfoset.version>2.0.0</m:properties__fastinfoset.version>
		<m:properties__xml.bind-api.version>3.0.1</m:properties__xml.bind-api.version>
		<m:properties__stax-ex.version>2.0.1</m:properties__stax-ex.version>
		<m:properties__jaxb-api-osgi.version>3.0</m:properties__jaxb-api-osgi.version>
		<m:properties__activation.version>2.0.1</m:properties__activation.version>
		<m:properties__istack.version>4.0.1</m:properties__istack.version>
		<m:properties__project.build.sourceEncoding>UTF-8</m:properties__project.build.sourceEncoding>
		<m:properties__release.arguments/>
		<m:properties__sonatypeOssDistMgmtStagingUrl>${sonatypeOssDistMgmtNexusUrl}content/repositories/staging/</m:properties__sonatypeOssDistMgmtStagingUrl>
		<m:properties__sonatypeOssDistMgmtNexusUrl>https://jakarta.oss.sonatype.org/</m:properties__sonatypeOssDistMgmtNexusUrl>
		<m:properties__sonatypeOssDistMgmtReleasesUrl>${sonatypeOssDistMgmtNexusUrl}service/local/staging/deploy/maven2/</m:properties__sonatypeOssDistMgmtReleasesUrl>
		<m:properties__sonatypeOssDistMgmtSnapshotsUrl>${sonatypeOssDistMgmtNexusUrl}content/repositories/snapshots/</m:properties__sonatypeOssDistMgmtSnapshotsUrl>
		<m:dependency.management__org.glassfish.jaxb__jaxb-runtime__version>3.0.2</m:dependency.management__org.glassfish.jaxb__jaxb-runtime__version>
		<m:dependency.management__org.glassfish.jaxb__jaxb-core__version>3.0.2</m:dependency.management__org.glassfish.jaxb__jaxb-core__version>
		<m:dependency.management__org.glassfish.jaxb__jaxb-xjc__version>3.0.2</m:dependency.management__org.glassfish.jaxb__jaxb-xjc__version>
		<m:dependency.management__org.glassfish.jaxb__jaxb-jxc__version>3.0.2</m:dependency.management__org.glassfish.jaxb__jaxb-jxc__version>
		<m:dependency.management__org.glassfish.jaxb__codemodel__version>3.0.2</m:dependency.management__org.glassfish.jaxb__codemodel__version>
		<m:dependency.management__org.glassfish.jaxb__txw2__version>3.0.2</m:dependency.management__org.glassfish.jaxb__txw2__version>
		<m:dependency.management__org.glassfish.jaxb__xsom__version>3.0.2</m:dependency.management__org.glassfish.jaxb__xsom__version>
		<m:dependency.management__com.sun.xml.bind__jaxb-impl__version>3.0.2</m:dependency.management__com.sun.xml.bind__jaxb-impl__version>
		<m:dependency.management__com.sun.xml.bind__jaxb-core__version>3.0.2</m:dependency.management__com.sun.xml.bind__jaxb-core__version>
		<m:dependency.management__com.sun.xml.bind__jaxb-xjc__version>3.0.2</m:dependency.management__com.sun.xml.bind__jaxb-xjc__version>
		<m:dependency.management__com.sun.xml.bind__jaxb-jxc__version>3.0.2</m:dependency.management__com.sun.xml.bind__jaxb-jxc__version>
		<m:dependency.management__jakarta.xml.bind__jakarta.xml.bind-api__version>3.0.1</m:dependency.management__jakarta.xml.bind__jakarta.xml.bind-api__version>
		<m:dependency.management__org.jvnet.staxex__stax-ex__version>2.0.1</m:dependency.management__org.jvnet.staxex__stax-ex__version>
		<m:dependency.management__com.sun.xml.fastinfoset__FastInfoset__version>2.0.0</m:dependency.management__com.sun.xml.fastinfoset__FastInfoset__version>
		<m:dependency.management__com.sun.xml.bind__jaxb-osgi__version>3.0.2</m:dependency.management__com.sun.xml.bind__jaxb-osgi__version>
		<m:dependency.management__com.sun.istack__istack-commons-runtime__version>4.0.1</m:dependency.management__com.sun.istack__istack-commons-runtime__version>
		<m:dependency.management__jakarta.activation__jakarta.activation-api__version>2.0.1</m:dependency.management__jakarta.activation__jakarta.activation-api__version>
		<m:dependency.management__com.sun.activation__jakarta.activation__version>2.0.1</m:dependency.management__com.sun.activation__jakarta.activation__version>
		<m:dependency.management__com.sun.xml.bind.external__rngom__version>3.0.2</m:dependency.management__com.sun.xml.bind.external__rngom__version>
		<m:dependency.management__com.sun.xml.dtd-parser__dtd-parser__version>1.4.5</m:dependency.management__com.sun.xml.dtd-parser__dtd-parser__version>
		<m:dependency.management__com.sun.istack__istack-commons-tools__version>4.0.1</m:dependency.management__com.sun.istack__istack-commons-tools__version>
		<m:dependency.management__org.apache.ant__ant__version>1.10.11</m:dependency.management__org.apache.ant__ant__version>
		<m:dependency.management__com.sun.xml.bind.external__relaxng-datatype__version>3.0.2</m:dependency.management__com.sun.xml.bind.external__relaxng-datatype__version>
		<m:dependency.management__org.jmockit__jmockit__version>1.34</m:dependency.management__org.jmockit__jmockit__version>
		<m:dependency.management__junit__junit__version>4.13.2</m:dependency.management__junit__junit__version>
		<m:dependency.management__com.sun.org.apache.xml.internal__resolver__version>20050927</m:dependency.management__com.sun.org.apache.xml.internal__resolver__version>
		<m:dependency.management__org.checkerframework__compiler__version>2.4.0</m:dependency.management__org.checkerframework__compiler__version>
		<m:maven.plugins>org.codehaus.mojo__build-helper-maven-plugin__null|org.apache.maven.plugins__maven-enforcer-plugin__null|org.codehaus.mojo__buildnumber-maven-plugin__null|org.apache.maven.plugins__maven-compiler-plugin__null|org.apache.maven.plugins__maven-jar-plugin__null|org.apache.maven.plugins__maven-source-plugin__null|org.codehaus.mojo__build-helper-maven-plugin__null|org.apache.maven.plugins__maven-enforcer-plugin__null|org.codehaus.mojo__buildnumber-maven-plugin__null|org.apache.maven.plugins__maven-compiler-plugin__null|org.apache.maven.plugins__maven-jar-plugin__null|org.apache.maven.plugins__maven-source-plugin__null</m:maven.plugins>
	</info>
	<configurations>
		<conf name="default" visibility="public" description="runtime dependencies and master artifact can be used with this conf" extends="runtime,master"/>
		<conf name="master" visibility="public" description="contains only the artifact published by this module itself, with no transitive dependencies"/>
		<conf name="compile" visibility="public" description="this is the default scope, used if none is specified. Compile dependencies are available in all classpaths."/>
		<conf name="provided" visibility="public" description="this is much like compile, but indicates you expect the JDK or a container to provide it. It is only available on the compilation classpath, and is not transitive."/>
		<conf name="runtime" visibility="public" description="this scope indicates that the dependency is not required for compilation, but is for execution. It is in the runtime and test classpaths, but not the compile classpath." extends="compile"/>
		<conf name="test" visibility="public" description="this scope indicates that the dependency is not required for normal use of the application, and is only available for the test compilation and execution phases." extends="runtime"/>
		<conf name="system" visibility="public" description="this scope is similar to provided except that you have to provide the JAR which contains it explicitly. The artifact is always available and is not looked up in a repository."/>
		<conf name="sources" visibility="public" description="this configuration contains the source artifact of this module, if any."/>
		<conf name="javadoc" visibility="public" description="this configuration contains the javadoc artifact of this module, if any."/>
		<conf name="optional" visibility="public" description="contains all optional dependencies"/>
	</configurations>
	<publications>
	</publications>
</ivy-module>
