<?xml version="1.0" encoding="UTF-8"?>
<ivy-module version="2.0" xmlns:m="http://ant.apache.org/ivy/maven">
	<info organisation="io.delta"
		module="delta-core_2.12"
		revision="2.4.0"
		status="release"
		publication="20230524135310"
	>
		<license name="Apache-2.0" url="http://www.apache.org/licenses/LICENSE-2.0" />
		<description homepage="https://delta.io/">
		delta-core
		</description>
	</info>
	<configurations>
		<conf name="default" visibility="public" description="runtime dependencies and master artifact can be used with this conf" extends="runtime,master"/>
		<conf name="master" visibility="public" description="contains only the artifact published by this module itself, with no transitive dependencies"/>
		<conf name="compile" visibility="public" description="this is the default scope, used if none is specified. Compile dependencies are available in all classpaths."/>
		<conf name="provided" visibility="public" description="this is much like compile, but indicates you expect the JDK or a container to provide it. It is only available on the compilation classpath, and is not transitive."/>
		<conf name="runtime" visibility="public" description="this scope indicates that the dependency is not required for compilation, but is for execution. It is in the runtime and test classpaths, but not the compile classpath." extends="compile"/>
		<conf name="test" visibility="public" description="this scope indicates that the dependency is not required for normal use of the application, and is only available for the test compilation and execution phases." extends="runtime"/>
		<conf name="system" visibility="public" description="this scope is similar to provided except that you have to provide the JAR which contains it explicitly. The artifact is always available and is not looked up in a repository."/>
		<conf name="sources" visibility="public" description="this configuration contains the source artifact of this module, if any."/>
		<conf name="javadoc" visibility="public" description="this configuration contains the javadoc artifact of this module, if any."/>
		<conf name="optional" visibility="public" description="contains all optional dependencies"/>
	</configurations>
	<publications>
		<artifact name="delta-core_2.12" type="jar" ext="jar" conf="master"/>
	</publications>
	<dependencies>
		<dependency org="org.scala-lang" name="scala-library" rev="2.12.15" force="true" conf="compile->compile(*),master(*);runtime->runtime(*)"/>
		<dependency org="io.delta" name="delta-storage" rev="2.4.0" force="true" conf="compile->compile(*),master(*);runtime->runtime(*)"/>
		<dependency org="org.antlr" name="antlr4-runtime" rev="4.9.3" force="true" conf="compile->compile(*),master(*);runtime->runtime(*)"/>
		<dependency org="org.apache.spark" name="spark-hive_2.12" rev="3.4.0" force="true" conf="provided->compile(*),provided(*),runtime(*),master(*);test->runtime(*),master(*)">
			<artifact name="spark-hive_2.12" type="jar" ext="jar" conf="test" m:classifier="tests"/>
		</dependency>
		<dependency org="org.apache.spark" name="spark-sql_2.12" rev="3.4.0" force="true" conf="provided->compile(*),provided(*),runtime(*),master(*);test->runtime(*),master(*)">
			<artifact name="spark-sql_2.12" type="jar" ext="jar" conf="test" m:classifier="tests"/>
		</dependency>
		<dependency org="org.apache.spark" name="spark-core_2.12" rev="3.4.0" force="true" conf="provided->compile(*),provided(*),runtime(*),master(*);test->runtime(*),master(*)">
			<artifact name="spark-core_2.12" type="jar" ext="jar" conf="test" m:classifier="tests"/>
		</dependency>
		<dependency org="org.apache.spark" name="spark-catalyst_2.12" rev="3.4.0" force="true" conf="provided->compile(*),provided(*),runtime(*),master(*);test->runtime(*),master(*)">
			<artifact name="spark-catalyst_2.12" type="jar" ext="jar" conf="test" m:classifier="tests"/>
		</dependency>
		<dependency org="org.scalatest" name="scalatest_2.12" rev="3.2.9" force="true" conf="test->runtime(*),master(*)"/>
		<dependency org="org.scalatestplus" name="scalacheck-1-15_2.12" rev="3.2.9.0" force="true" conf="test->runtime(*),master(*)"/>
		<dependency org="junit" name="junit" rev="4.12" force="true" conf="test->runtime(*),master(*)"/>
		<dependency org="com.novocode" name="junit-interface" rev="0.11" force="true" conf="test->runtime(*),master(*)"/>
	</dependencies>
</ivy-module>
