<?xml version="1.0" encoding="UTF-8"?>
<ivy-module version="2.0" xmlns:m="http://ant.apache.org/ivy/maven">
	<info organisation="net.snowflake"
		module="spark-snowflake_2.13"
		revision="2.15.0-spark_3.4"
		status="release"
		publication="20240226111417"
	>
		<license name="Apache-2.0" url="http://opensource.org/licenses/Apache-2.0" />
		<license name="Apache-2.0" url="http://www.apache.org/licenses/LICENSE-2.0" />
		<description homepage="https://github.com/snowflakedb/spark-snowflake">
		spark-snowflake
		</description>
	</info>
	<configurations>
		<conf name="default" visibility="public" description="runtime dependencies and master artifact can be used with this conf" extends="runtime,master"/>
		<conf name="master" visibility="public" description="contains only the artifact published by this module itself, with no transitive dependencies"/>
		<conf name="compile" visibility="public" description="this is the default scope, used if none is specified. Compile dependencies are available in all classpaths."/>
		<conf name="provided" visibility="public" description="this is much like compile, but indicates you expect the JDK or a container to provide it. It is only available on the compilation classpath, and is not transitive."/>
		<conf name="runtime" visibility="public" description="this scope indicates that the dependency is not required for compilation, but is for execution. It is in the runtime and test classpaths, but not the compile classpath." extends="compile"/>
		<conf name="test" visibility="public" description="this scope indicates that the dependency is not required for normal use of the application, and is only available for the test compilation and execution phases." extends="runtime"/>
		<conf name="system" visibility="public" description="this scope is similar to provided except that you have to provide the JAR which contains it explicitly. The artifact is always available and is not looked up in a repository."/>
		<conf name="sources" visibility="public" description="this configuration contains the source artifact of this module, if any."/>
		<conf name="javadoc" visibility="public" description="this configuration contains the javadoc artifact of this module, if any."/>
		<conf name="optional" visibility="public" description="contains all optional dependencies"/>
	</configurations>
	<publications>
		<artifact name="spark-snowflake_2.13" type="jar" ext="jar" conf="master"/>
	</publications>
	<dependencies>
		<dependency org="org.scala-lang" name="scala-library" rev="2.13.9" force="true" conf="compile->compile(*),master(*);runtime->runtime(*)"/>
		<dependency org="net.snowflake" name="snowflake-ingest-sdk" rev="0.10.8" force="true" conf="compile->compile(*),master(*);runtime->runtime(*)"/>
		<dependency org="net.snowflake" name="snowflake-jdbc" rev="3.14.4" force="true" conf="compile->compile(*),master(*);runtime->runtime(*)"/>
		<dependency org="org.scalatest" name="scalatest_2.13" rev="3.1.1" force="true" conf="test->runtime(*),master(*)"/>
		<dependency org="org.mockito" name="mockito-core" rev="1.10.19" force="true" conf="test->runtime(*),master(*)"/>
		<dependency org="org.apache.commons" name="commons-lang3" rev="3.5" force="true" conf="provided->compile(*),provided(*),runtime(*),master(*)"/>
		<dependency org="org.postgresql" name="postgresql" rev="42.5.4" force="true" conf="test->runtime(*),master(*)"/>
		<dependency org="org.apache.spark" name="spark-core_2.13" rev="3.4.0" force="true" conf="test->runtime(*),master(*)">
			<artifact name="spark-core_2.13" type="jar" ext="jar" conf="test" m:classifier="tests"/>
			<artifact name="spark-core_2.13" type="jar" ext="jar" conf="test" m:classifier="test-sources"/>
		</dependency>
		<dependency org="org.apache.spark" name="spark-sql_2.13" rev="3.4.0" force="true" conf="test->runtime(*),master(*)">
			<artifact name="spark-sql_2.13" type="jar" ext="jar" conf="test" m:classifier="tests"/>
			<artifact name="spark-sql_2.13" type="jar" ext="jar" conf="test" m:classifier="test-sources"/>
		</dependency>
		<dependency org="org.apache.spark" name="spark-catalyst_2.13" rev="3.4.0" force="true" conf="test->runtime(*),master(*)">
			<artifact name="spark-catalyst_2.13" type="jar" ext="jar" conf="test" m:classifier="tests"/>
			<artifact name="spark-catalyst_2.13" type="jar" ext="jar" conf="test" m:classifier="test-sources"/>
		</dependency>
		<dependency org="org.apache.spark" name="spark-mllib_2.13" rev="3.4.0" force="true" conf="test->runtime(*),master(*)"/>
	</dependencies>
</ivy-module>
